{
  "training_time": {
    "adam_seconds": 3.2120869159698486,
    "lbfgs_seconds": 0.1286609172821045,
    "total_seconds": 3.340747833251953
  },
  "metrics": {
    "train": {
      "mse": 0.024435145780444145,
      "mae": 0.12335199862718582,
      "r2_score": -0.5132818222045898
    },
    "test": {
      "mse": 0.026077838614583015,
      "mae": 0.12746384739875793,
      "r2_score": -0.5356553792953491
    }
  },
  "physics_validation": {
    "negative_predictions_train": 0,
    "negative_predictions_test": 0,
    "physics_compliant": true
  },
  "model_info": {
    "architecture": [
      2,
      64,
      64,
      64,
      1
    ],
    "total_parameters": 8577,
    "training_points": 2404,
    "test_points": 601
  }
}